Название,Активность,Сортировка,Дата изменения,ID,Детальная картинка
Перламутр белый,Да,20600,24.01.2023 14:55:59,675917,
Перламутр золото,Да,20700,24.01.2023 14:55:59,675918,
Перламутр бронза,Да,20800,24.01.2023 14:55:59,675919,
Antic loft,Да,8600,12.12.2022 9:50:44,654285,https://yurkas.by/upload/iblock/cca/ccaac5784eaf42f176de23eb0d3465e2.jpg
Jet loft,Да,58500,12.12.2022 9:49:19,666846,https://yurkas.by/upload/iblock/014/014ebea611315d6f6bc7b6c0ae366ee3.jpg
Ice,Да,63300,12.12.2022 9:49:00,661329,https://yurkas.by/upload/iblock/96f/96f87da5a2b8bcc5c0975a8c1c8d09e4.jpg
Steel,Да,63400,12.12.2022 9:48:53,661330,https://yurkas.by/upload/iblock/fdf/fdfa09c9e3350276a991bfed2d8d36f9.jpg
Onyx,Да,63500,12.12.2022 9:48:47,661331,https://yurkas.by/upload/iblock/8f8/8f87172d7e9c85fa912c044130e8f82c.jpg
Get Loft,Да,60800,07.12.2022 18:49:59,669605,
Вайт вуд,Да,47600,06.12.2022 20:10:10,660334,https://yurkas.by/upload/iblock/794/7940694cc12d7830ed9d089a0b5e8778.jpg
Крем вуд,Да,47700,06.12.2022 20:10:04,660335,https://yurkas.by/upload/iblock/059/059572ec092fa8d969c8edd1c120c2fe.jpg
Скай вуд,Да,47800,06.12.2022 20:09:58,660336,https://yurkas.by/upload/iblock/8ee/8ee6bd71614927c1b1b008617dceab61.jpg
Стоун вуд,Да,47900,06.12.2022 20:09:51,660337,https://yurkas.by/upload/iblock/89c/89c742193fbc6d11eeeba1ce3c34cfcd.jpg
Грей вуд,Да,48000,06.12.2022 20:09:45,660338,https://yurkas.by/upload/iblock/699/6997134b72f26b905e110de3ad5d60d7.jpg
RAL 7011,Да,12100,06.12.2022 18:49:53,669419,
MidWhite,Да,57600,29.11.2022 21:49:52,667767,
Лорэт натуральный,Да,20100,11.11.2022 14:06:06,661769,https://yurkas.by/upload/iblock/707/7072078549a9c979bf6833327e2c66c5.jpg
Лорэт графит,Да,19900,11.11.2022 14:05:57,661767,https://yurkas.by/upload/iblock/6ee/6ee0b8daab4cc755961f1be0bcbc4886.jpg
Лорэт белый,Да,19800,11.11.2022 14:05:40,661766,https://yurkas.by/upload/iblock/48b/48ba0edddf6e622d4aba5a10065a32ac.jpg
Лорэт грей,Да,20000,11.11.2022 14:05:23,661768,https://yurkas.by/upload/iblock/145/145e9c09763401262c18074560b7b7dc.jpg
Белый (65),Да,28400,27.10.2022 15:50:04,661565,
Белая эмаль НЦ,Да,15500,25.10.2022 15:49:56,661035,
Бетон платина,Да,48100,20.10.2022 12:50:02,660339,
Белый полипропилен,Да,48200,20.10.2022 12:50:02,660340,
мателюкс с пескоструйным рисунком,Да,9200,28.09.2022 18:49:45,657034,
Бетон,Да,49800,27.09.2022 16:06:56,367053,https://yurkas.by/upload/iblock/959/9594e4fc04c00b437131066479379f56.png
Гратт,Да,46000,27.09.2022 11:36:12,652198,https://yurkas.by/upload/iblock/884/8844760755b2ee2321df8cd25d3f9dbf.png
Крем,Да,46100,27.09.2022 11:34:58,652199,https://yurkas.by/upload/iblock/5ee/5ee3282471d9fa5b839522509bc99ce4.png
Светло-серая эмаль,Да,58300,21.09.2022 12:50:01,655770,
Нордик,Да,54800,19.09.2022 9:50:03,655287,
Белый жасмин,Да,41200,14.09.2022 18:49:47,654526,
loft Black,Да,8700,14.09.2022 12:50:08,654286,
Sand vellum Black,Да,8800,14.09.2022 12:50:08,654287,
Матовый крем,Да,8800,13.09.2022 12:50:38,653966,
Матовый Серый,Да,8900,13.09.2022 12:50:38,653967,
Матовый графит,Да,9000,13.09.2022 12:50:38,653968,
Пекан Белый,Да,9100,13.09.2022 12:50:38,653969,
капучино сатинат,Да,24900,09.09.2022 15:50:20,653404,
Холст грей,Да,30900,08.09.2022 18:50:00,653279,
Холст белый,Да,31000,08.09.2022 18:50:00,653280,
Дэй,Да,46200,01.09.2022 12:50:09,652200,
Вайт,Да,46300,31.08.2022 15:50:06,652201,
Крем Вайт,Да,46400,31.08.2022 15:50:06,652202,
Кремовая Магнолия,Да,46500,31.08.2022 15:50:06,652203,
Лайт Грей,Да,46600,31.08.2022 15:50:06,652204,
Смоки,Да,46700,31.08.2022 15:50:06,652205,
Нэви Блу,Да,46800,31.08.2022 15:50:06,652206,
Блэк,Да,46900,31.08.2022 15:50:06,652207,
Перламутр,Да,23500,31.08.2022 9:50:43,652156,
Никель матовый,Да,6200,18.08.2022 12:32:13,647855,
RAL 5003,Да,27900,18.07.2022 12:49:58,640677,
Черный бархат,Да,6500,13.07.2022 12:50:07,640195,
Бетон старый,Да,6100,05.07.2022 12:50:01,639479,
Мрамор,Да,6200,05.07.2022 12:50:01,639480,
Ржавчина,Да,6300,05.07.2022 12:50:01,639481,
Ясень горный,Да,6400,05.07.2022 12:50:01,639482,
RAL 3013,Да,56600,04.07.2022 12:49:58,639303,
RAL 3016,Да,56700,04.07.2022 12:49:58,639304,
махагон/венге,Да,59000,14.06.2022 15:49:51,637720,
RAL 7015,Да,54800,11.05.2022 12:49:52,627452,
серебро,Да,52800,23.04.2022 15:50:03,626241,
шампань,Да,52900,23.04.2022 15:50:03,626242,
серая ночь,Да,53000,23.04.2022 15:50:03,626243,
деорэ,Да,53100,23.04.2022 15:50:03,626244,
Грей эмаль,Да,12600,29.03.2022 15:49:55,622644,
Бетон белый,Да,55300,11.03.2022 15:56:31,442673,https://yurkas.by/upload/iblock/ccc/ccc47ec52cd76ee815a0b48f9f074fd3.jpg
сн.Дуб салинас темный/вн.аляска,Да,58400,28.02.2022 9:49:40,617096,
RAL 1016,Да,58100,24.02.2022 15:49:46,616576,
RAL 3024,Да,58200,24.02.2022 15:49:46,616577,
RAL 1018,Да,2500,13.01.2022 2:35:45,611710,
Milky White,Да,16300,25.11.2021 11:31:30,582313,https://yurkas.by/upload/iblock/489/4899191e48d91b827720ea44b8ba877d.png
RAL 7021,Да,16400,01.11.2021 12:49:46,583338,
10% орех,Да,51600,06.10.2021 12:49:42,580092,
Силк сноу,Да,46500,24.09.2021 10:48:33,399035,https://yurkas.by/upload/iblock/615/61549a2958b50f6244f572c1fbe517c7.png
Griz Soft,Да,10400,19.08.2021 11:34:54,435024,https://yurkas.by/upload/iblock/e74/e74778c264e2838d0cd1c25145a821d2.jpg
Brun oak,Да,6700,19.08.2021 11:33:23,564830,https://yurkas.by/upload/iblock/605/605389c94275ab21c59fbf76ce7b4e7f.jpg
RAL 6028,Да,51500,28.07.2021 18:49:47,571969,
RAL 6005,Да,15900,28.07.2021 15:49:33,571928,
Дарквайт люкс,Да,11000,07.07.2021 15:07:27,565017,https://yurkas.by/upload/iblock/893/893898334866bad5cd86fde8ebd4e97b.jpg
Грей люкс,Да,11100,07.07.2021 15:06:22,565018,https://yurkas.by/upload/iblock/310/310804309dac3864599772650e3fb81c.jpg
Cappuccino Р,Да,19200,03.06.2021 15:49:42,558804,https://yurkas.by/upload/iblock/a21/a211929148d10b28d3cca75017dcd949.jpg
Bianco Р,Да,19300,03.06.2021 15:49:42,558805,https://yurkas.by/upload/iblock/389/389d2212093047c09fef62d9d8df02db.jpg
Fleet Soft,Да,10300,18.05.2021 11:25:01,435023,https://yurkas.by/upload/iblock/403/403757d98f65f41c133c4897470ba097.jpg
Polar Soft,Да,10200,18.05.2021 11:17:19,435022,https://yurkas.by/upload/iblock/66a/66ac74d4229e9b75e0868eca121a0478.jpg
Stone Oak,Да,51600,18.05.2021 11:09:20,558705,https://yurkas.by/upload/iblock/4c5/4c5bcbd06be76e42d607d2dd88a979c6.jpg
Scansom Oak,Да,51500,18.05.2021 11:09:00,558704,https://yurkas.by/upload/iblock/d1e/d1ee48d1a35ad67b40cf90013cceb19c.jpg
Artic Oak,Да,18900,18.05.2021 11:07:44,558703,https://yurkas.by/upload/iblock/414/41467e0a78775037fdcaa1f110a8a95e.jpg
RAL 7043,Да,19800,17.05.2021 12:49:40,562677,
RAL 5013,Да,19600,14.05.2021 15:49:39,562401,
RAL 5012,Да,19700,14.05.2021 15:49:39,562402,
RAL 7037,Да,19500,13.05.2021 15:49:44,562234,
Золото,Да,1800,07.05.2021 18:49:27,111751,
Белая эмаль,Да,3800,07.05.2021 11:44:06,13211,https://yurkas.by/upload/iblock/214/214376f267ba57ef4862516406dda38c.jpg
Серый шелк эмаль RAL 7044,Да,3000,06.05.2021 15:22:19,558237,https://yurkas.by/upload/iblock/62c/62cd01867f3cf37ae510a9c8f5afa3f5.jpg
Жемчужно-перламутровая эмаль,Да,9200,06.05.2021 15:19:57,558235,https://yurkas.by/upload/iblock/66c/66c256f191286f1417482e211140e0a5.jpg
Светло-серая эмаль RAL 7047,Да,2900,06.05.2021 15:18:56,558236,https://yurkas.by/upload/iblock/b79/b79c2a84f7468159008afdd5b1223afd.jpg
Бронза,Да,56900,30.04.2021 15:49:44,560652,
RAL 1021,Да,3400,16.04.2021 18:49:38,558475,
RAL 7022,Да,9600,16.04.2021 12:49:36,558461,
RAL 7030,Да,9700,16.04.2021 12:49:36,558462,
Светло-серая эмаль,Да,3100,15.04.2021 18:49:28,558278,
White Edition,Да,55600,07.04.2021 18:49:35,557247,
Жемчужно-перламутровый,Да,46900,18.03.2021 1:34:03,49505,
Серый шелк,Да,49900,18.03.2021 1:34:03,442923,
RAL 7012,Да,46900,17.03.2021 1:34:02,442820,
RAL 6004,Да,13300,11.03.2021 14:33:12,441764,
Зеленый матовый,Да,47800,25.02.2021 1:34:12,436949,
Синий матовый,Да,47900,25.02.2021 1:34:12,436950,
Сигнальный белый RAL 9003 (Аляска),Да,7200,17.02.2021 10:49:39,435166,
RAL 6012,Да,12300,26.01.2021 14:47:14,431303,
RAL 5000,Да,19600,14.01.2021 17:36:37,426728,
Синий,Да,45700,14.01.2021 1:32:48,426707,
Зеленый,Да,45800,14.01.2021 1:32:48,426708,
галька матовый,Да,25000,20.11.2020 16:59:07,410976,
Какао матовый,Да,25100,20.11.2020 16:59:07,410977,
Кварц матовый,Да,25200,20.11.2020 16:59:07,410978,
Серый матовый,Да,25300,20.11.2020 16:59:07,410979,
Светло-серый,Да,24800,02.11.2020 15:54:42,407945,
Блонде,Да,24900,02.11.2020 15:54:42,407946,
Эмаль светло-серая,Да,50000,30.10.2020 16:54:37,119347,https://yurkas.by/upload/iblock/ea4/ea4eb35d129fd6ed4f436686fe5e507d.jpg
Саббиа,Да,26000,30.10.2020 16:54:37,406846,
Бронде,Да,26100,30.10.2020 16:54:37,406847,
Аргенто,Да,26200,30.10.2020 16:54:37,406848,
Клауд,Да,26300,30.10.2020 16:54:37,406849,
RAL 5024,Да,50700,29.10.2020 1:32:57,406702,
RAL 9310,Да,50600,21.10.2020 1:32:46,404521,
RAL 7034,Да,50500,20.10.2020 1:32:38,403975,
RAL 7004,Да,28500,02.10.2020 15:10:34,402153,
RAL 7042,Да,4700,16.09.2020 1:32:56,399165,
RAL 1001,Да,28200,08.09.2020 13:17:57,397569,
Санд,Да,51500,25.08.2020 1:32:22,395070,
RAL 5014,Да,13300,21.08.2020 1:32:22,394705,
RAL 9001,Да,4200,19.08.2020 1:32:31,394370,
RAL 7044,Да,13100,13.08.2020 1:32:15,393778,
RAL 5013,Да,33700,31.07.2020 17:29:52,392084,
RAL 9018,Да,40800,30.07.2020 17:27:00,391652,
RAL 9016,Да,51700,28.07.2020 1:32:47,390904,
RAL 7047,Да,51800,28.07.2020 1:32:47,390905,
Аида,Да,45900,17.07.2020 1:32:35,389485,
RAL 8028,Да,46000,17.07.2020 1:32:35,389486,
RAL 9005,Да,46100,17.07.2020 1:32:35,389487,
RAL 6019,Да,24500,15.07.2020 10:13:36,389205,
RAL 1015,Да,45700,14.07.2020 1:32:11,389080,
RAL 9010,Да,32800,12.06.2020 18:27:03,384611,
RAL 9003,Да,32900,12.06.2020 18:27:03,384612,
RAL 1013,Да,33000,12.06.2020 18:27:03,384613,
RAL 7036,Да,33100,12.06.2020 18:27:03,384614,
RAL 7038,Да,33200,12.06.2020 18:27:03,384615,
RAL 1019,Да,33300,12.06.2020 18:27:03,384616,
Натур,Да,40300,11.06.2020 1:32:45,384489,
Крема,Да,40400,11.06.2020 1:32:45,384490,
Карамель,Да,40500,11.06.2020 1:32:45,384491,
Сонома светлый,Да,48200,10.06.2020 9:41:57,352677,https://yurkas.by/upload/iblock/ee7/ee75817752aa954b9fc15ecdbebeccd1.jpg
Бетон темный,Да,48400,10.06.2020 9:32:59,352679,https://yurkas.by/upload/iblock/ae5/ae5f6d322f623ed793d7bf4e41fd6ff4.jpg
Бетон светлый,Да,48300,10.06.2020 9:32:41,352678,https://yurkas.by/upload/iblock/de6/de6bb0e174cb46acae9cad23d12a8cf0.jpg
Грей ПВХ,Да,2100,09.06.2020 1:33:37,384232,
Грей Неаполь,Да,2200,09.06.2020 1:33:37,384233,
Seidenmatt Черный,Да,32800,31.03.2020 10:34:45,374143,
10% лак,Да,49900,04.03.2020 1:38:10,368145,
Европейский дуб,Да,40300,21.02.2020 14:39:24,102988,https://yurkas.by/upload/iblock/c3f/c3f4f583653276521ef2d3c748eb92b4.jpg
Сонома дуб,Да,48700,21.02.2020 13:35:19,354018,https://yurkas.by/upload/iblock/471/471b319723e27ecf4aae349c88eba169.jpg
Сонома грей,Да,48100,21.02.2020 13:33:05,352676,https://yurkas.by/upload/iblock/24b/24b2e40cdab8c3e2bf29814bee66c733.jpg
Айс,Да,44800,21.02.2020 13:31:22,120145,https://yurkas.by/upload/iblock/e80/e80743553f9930886eb044bba8c41c4a.jpg
Дуб шале графит (лак),Да,49400,01.02.2020 1:48:59,364464,
Дуб шале корица (лак),Да,49500,01.02.2020 1:48:59,364465,
Дуб шале натуральный (лак),Да,49600,01.02.2020 1:48:59,364466,
Дуб шале седой (лак),Да,49700,01.02.2020 1:48:59,364467,
Французский дуб (лак),Да,41700,31.01.2020 10:13:08,364231,
Орех шоколад (лак),Да,41800,31.01.2020 10:13:08,364232,
Орех карамель (лак),Да,41900,31.01.2020 10:13:08,364233,
Орех,Да,42000,31.01.2020 10:13:08,364234,
Лиственница крем (лак),Да,42100,31.01.2020 10:13:08,364235,
Дуб шале снежный (лак),Да,48800,23.01.2020 18:59:57,362066,
BLACK Edition,Да,48500,24.12.2019 18:54:44,353697,
под покраску,Да,48600,24.12.2019 18:54:44,353698,
Дуб французский,Да,48000,30.11.2019 16:53:54,349245,
Каштан натуральный,Да,47800,26.11.2019 12:43:41,204302,https://yurkas.by/upload/iblock/421/4212281ef980955c1bdc65e9053cc4f7.jpg
Каштан темный,Да,47700,26.11.2019 12:42:41,204301,https://yurkas.by/upload/iblock/a76/a76628b67552f1c27172e314e3285ffd.jpg
Каштан светлый,Да,47600,26.11.2019 12:41:51,204300,https://yurkas.by/upload/iblock/080/080fa4420bb5338652b2802a527c8c82.jpg
5% лак,Да,47900,25.09.2019 18:54:48,206968,
Светлый орех,Да,2200,06.09.2019 10:16:39,13195,https://yurkas.by/upload/iblock/27f/27f1f1c2fa8e709d316ba96f0a741d69.jpg
Шоколад,Да,41900,03.09.2019 16:56:14,105745,https://yurkas.by/upload/iblock/6f8/6f8e95fb33a1626222919f2b7e722270.jpg
Красное дерево,Да,16300,03.09.2019 16:53:21,13282,https://yurkas.by/upload/iblock/59a/59aefeafc68c81b4ae9bff9e804fcd00.jpg
Прозрачный лак,Да,45000,31.08.2019 16:38:39,121304,https://yurkas.by/upload/iblock/fad/fadfdbb1b86242eff2ec29e03c22fed4.jpg
Эмаль шампань,Да,31500,31.08.2019 16:10:44,189111,https://yurkas.by/upload/iblock/e4d/e4d88bcc86cceb162b18c6c8c0a8347e.jpg
Белый профиль,Да,47400,19.08.2019 16:37:11,200963,
Серый распил,Да,47500,19.08.2019 16:37:11,200964,
RAL,Да,47300,13.08.2019 16:41:11,198523,
Желтая эмаль,Да,19500,20.07.2019 12:00:08,13314,https://yurkas.by/upload/iblock/55f/55f1657d21fa52887908f52c807c0c6f.jpg
Эмаль,Да,35900,22.06.2019 16:11:34,188092,
Черный люкс,Да,45700,20.06.2019 15:54:55,125138,https://yurkas.by/upload/iblock/bae/bae74904f7423e325ce3636c0e3cea6d.jpg
Латте эмаль,Да,44200,20.06.2019 15:45:05,119346,https://yurkas.by/upload/iblock/825/8250c9b873c558d49e4cdb2265b2893f.jpg
Зеленая эмаль,Да,44000,20.06.2019 15:43:11,119344,https://yurkas.by/upload/iblock/4f1/4f1f24769171d2b4d820143d90a2cc99.jpg
Графит эмаль,Да,43900,20.06.2019 15:38:37,119343,https://yurkas.by/upload/iblock/61d/61dd14d5025b09ecae444f6f333186c3.jpg
Шеллгрей,Да,700,15.05.2019 12:15:37,164629,https://yurkas.by/upload/iblock/624/6249db3e77260bce7bc9c34bbcd908f7.jpg
Дарквайт,Да,600,15.05.2019 12:15:16,164628,https://yurkas.by/upload/iblock/09e/09e1ff130b719cd1532d41561d410ded.jpg
Дуб Скай Деним,Да,500,19.03.2019 16:24:06,164627,https://yurkas.by/upload/iblock/6ef/6efff717dd690eeed1b187029830ac9d.jpg
Дуб Скай Крем,Да,400,19.03.2019 16:23:46,164626,https://yurkas.by/upload/iblock/9ae/9ae0a10316ec9a388cc0b590992b8409.jpg
Дуб Скай Беленый,Да,300,19.03.2019 16:23:23,164625,https://yurkas.by/upload/iblock/d44/d449371a2eacfee692c9c517a95d74e5.jpg
Seidenmatt Галька матовый,Да,8000,19.03.2019 16:22:12,125303,https://yurkas.by/upload/iblock/94b/94b7cfc946d116db51bfac2fdb0f13fd.jpg
Seidenmatt Серый матовый,Да,7900,19.03.2019 16:21:56,125302,https://yurkas.by/upload/iblock/670/670eac11639b6836a98a2f55bd1811ef.jpg
Seidenmatt Кварц матовый,Да,7800,19.03.2019 16:21:32,125301,https://yurkas.by/upload/iblock/a1a/a1a528c84f1a7031b641cb0a6014e60a.jpg
Seidenmatt Какао матовый,Да,7700,19.03.2019 16:21:06,125300,https://yurkas.by/upload/iblock/117/117556a33667970b486183f23265f5f8.jpg
Seidenmatt Белый матовый,Да,7600,19.03.2019 16:20:02,125299,https://yurkas.by/upload/iblock/66e/66e2e992b0538c296f58601916a436e0.jpg
Ольха натуральная,Да,5900,18.01.2019 9:24:33,13232,https://yurkas.by/upload/iblock/836/836eedeb8ce10bbe83cb0c44ff675446.jpg
Дуб радиал,Да,6200,18.01.2019 9:24:33,13235,https://yurkas.by/upload/iblock/440/4405b0c2fce527405e5dccb5309548aa.jpg
Темно-коричневый,Да,13800,18.01.2019 9:24:33,13257,https://yurkas.by/upload/iblock/67a/67a640a36e1503d52ef9b0f3ccb89846.jpg
Эмаль перламутр,Да,900,21.12.2018 15:25:59,156358,https://yurkas.by/upload/iblock/e14/e14fea4196d613693eb01afcf9c2f39a.jpg
Дуб транкайс светлый,Да,8900,03.12.2018 0:14:52,13177,https://yurkas.by/upload/iblock/ded/dedc958efc18d494a2de6d47e3b54fc6.jpg
Дуб транкайс темный,Да,11000,03.12.2018 0:14:52,13198,https://yurkas.by/upload/iblock/b06/b06fff98c05231d7dab8f0f3ce22178e.jpg
Беленый дуб сатин,Да,45600,26.11.2018 11:15:48,121310,https://yurkas.by/upload/iblock/59b/59b8348ceaf83bcd281c665440c27cc0.jpg
Слоновая кость эмаль,Да,44900,26.11.2018 11:13:16,121303,https://yurkas.by/upload/iblock/4ea/4ea3424e7d0fa9e1432e7ad58bedeea2.jpg
Темно-серая эмаль,Да,44500,26.11.2018 11:09:52,119349,https://yurkas.by/upload/iblock/912/912c2a382ae909102bd5a07d4bf7b944.jpg
Эмаль светло-серая,Да,42000,26.11.2018 11:05:22,109966,https://yurkas.by/upload/iblock/d8f/d8f9679e7df8366d95d6d65826c66189.jpg
Беленый дуб ламинатин,Да,11500,26.11.2018 10:45:37,58663,https://yurkas.by/upload/iblock/2e7/2e79ca2bee607e712e48e27880425895.jpg
Венге ламинатин,Да,11400,26.11.2018 10:42:06,58662,https://yurkas.by/upload/iblock/c68/c68ca39ce37b0fb6e1989c0cae615805.jpg
Капучино,Да,17800,26.11.2018 10:18:00,13297,https://yurkas.by/upload/iblock/223/223f1114f37671811d292a0d46872385.jpg
Бьянко,Да,46500,26.11.2018 10:13:51,130153,https://yurkas.by/upload/iblock/441/441d404d6f2a7d8005df2fe98f558e57.jpg
Эбен,Да,45800,16.10.2018 11:04:15,125139,
Дуб светлый,Да,45900,16.10.2018 11:04:15,125140,
Каштан голд,Да,45100,16.10.2018 11:03:18,121305,
мателюкс матовое с фрезеровкой №27,Да,45200,16.10.2018 11:03:18,121306,
мателюкс матовое с фрезеровкой №7,Да,45300,16.10.2018 11:03:18,121307,
мателюкс матовое с фрезеровкой №14,Да,45400,16.10.2018 11:03:18,121308,
Иней,Да,45500,16.10.2018 11:03:18,121309,
Фисташка,Да,44700,16.10.2018 11:03:12,120144,
Красная эмаль,Да,44100,16.10.2018 11:03:08,119345,https://yurkas.by/upload/iblock/c41/c41bf21223f9edc6eabbe2c1adb3543d.jpg
Синяя эмаль,Да,44400,16.10.2018 11:03:08,119348,https://yurkas.by/upload/iblock/f49/f4970baaa193495bc69e741d0d871223.jpg
Шоколад эмаль,Да,44600,16.10.2018 11:03:08,119350,https://yurkas.by/upload/iblock/074/074c6f260208401b07f8f869953d5ff5.jpg
Шенон,Да,43800,16.10.2018 11:01:45,116065,
Мокко,Да,43400,16.10.2018 11:01:05,113791,
молочный/мокко,Да,43500,16.10.2018 11:01:05,113792,
дуб кофейный/молочный,Да,43600,16.10.2018 11:01:05,113793,
дуб белый серебро/дуб Белый,Да,43700,16.10.2018 11:01:05,113794,
Дуб кофейный,Да,43300,16.10.2018 11:01:03,113588,https://yurkas.by/upload/iblock/775/775c7fbdbac395d3b65cfee935b47a50.jpg
хром,Да,42800,16.10.2018 10:59:44,111748,
матовый хром,Да,42900,16.10.2018 10:59:44,111749,
хром/белый,Да,43000,16.10.2018 10:59:44,111750,
Античная бронза,Да,43200,16.10.2018 10:59:44,111752,
Эмаль темно-серая,Да,42100,16.10.2018 10:59:27,109967,https://yurkas.by/upload/iblock/7b1/7b1646c7b6e88cfd900d8677b11a16f8.jpg
Эмаль латте,Да,42200,16.10.2018 10:59:27,109968,https://yurkas.by/upload/iblock/dc7/dc7e6bc61da577cdbf208359e65871da.jpg
Эмаль шоколад,Да,42300,16.10.2018 10:59:27,109969,https://yurkas.by/upload/iblock/5ae/5aee66994fdcdc31db67f800407a7bd8.jpg
Эмаль красная,Да,42400,16.10.2018 10:59:27,109970,https://yurkas.by/upload/iblock/f90/f9000569dc476bcc07741ffb41e27c65.jpg
Эмаль желтая,Да,42500,16.10.2018 10:59:27,109971,https://yurkas.by/upload/iblock/df3/df3680969bbe686a9c138fd81cb242eb.jpg
Эмаль синяя,Да,42600,16.10.2018 10:59:27,109972,https://yurkas.by/upload/iblock/5ed/5ede27aee416af2f452542dd1245cc82.jpg
Эмаль зеленая,Да,42700,16.10.2018 10:59:27,109973,https://yurkas.by/upload/iblock/5e9/5e94e0d5e8d048b66d608950e058d134.jpg
Дуб белый золото,Да,41600,16.10.2018 10:58:55,105742,
дуб белый серебро,Да,41700,16.10.2018 10:58:55,105743,https://yurkas.by/upload/iblock/e3e/e3e4330e8748271a647eea019527fd0d.jpg
Дуб натуральный,Да,41800,16.10.2018 10:58:55,105744,https://yurkas.by/upload/iblock/d84/d84455e6a561a4ed3e3035bb139d3974.jpg
Дуб мокко,Да,39900,16.10.2018 10:58:36,102984,https://yurkas.by/upload/iblock/942/9428998f49eb04270b463266cf837812.jpg
Дуб трюфель,Да,40000,16.10.2018 10:58:36,102985,https://yurkas.by/upload/iblock/617/617a65f2b72099bf196e2b117d106467.jpg
Латте,Да,40100,16.10.2018 10:58:36,102986,https://yurkas.by/upload/iblock/0e4/0e492d79fbf9e27f700ec42b30a052fc.jpg
эшвайт серебро,Да,40200,16.10.2018 10:58:36,102987,
Яблоня,Да,40400,16.10.2018 10:58:36,102989,
Дуб французский сильвер,Да,40500,16.10.2018 10:58:36,102990,https://yurkas.by/upload/iblock/d78/d783ae027cdc1c71c02d28acf697f288.jpg
Дуб французский капучино,Да,40600,16.10.2018 10:58:36,102991,https://yurkas.by/upload/iblock/5d6/5d65d52021987aaa5108f94ce952352a.jpg
Дуб французский серый,Да,40700,16.10.2018 10:58:36,102992,https://yurkas.by/upload/iblock/a39/a3991795600df10cb1dc70bed169e12e.jpg
Дуб французский темный,Да,40800,16.10.2018 10:58:36,102993,https://yurkas.by/upload/iblock/fd2/fd26490b1a77b9ad62b5c95b7de83805.jpg
Дуб шале графит,Да,40900,16.10.2018 10:58:36,102994,https://yurkas.by/upload/iblock/060/060e83a1d1649a30db866be4f55601aa.jpg
Дуб шале седой,Да,41000,16.10.2018 10:58:36,102995,https://yurkas.by/upload/iblock/2fc/2fcf7ac8333c67a14b59ddd9c3813313.jpg
Дуб шале натуральный,Да,41100,16.10.2018 10:58:36,102996,https://yurkas.by/upload/iblock/edc/edca7a9ca8399176bb976ab1c3df6591.jpg
Дуб шале корица,Да,41200,16.10.2018 10:58:36,102997,https://yurkas.by/upload/iblock/835/8356b6d838a6ec2ef014f2f5faa47e32.jpg
Дуб шале снежный,Да,41300,16.10.2018 10:58:36,102998,https://yurkas.by/upload/iblock/baa/baa046d779a301314e862b081cfaef34.jpg
Дуб коньячный,Да,41400,16.10.2018 10:58:36,102999,https://yurkas.by/upload/iblock/bc5/bc591f881baecc938a3a0477a648be73.jpg
Дуб молочный,Да,41500,16.10.2018 10:58:36,103000,https://yurkas.by/upload/iblock/3cd/3cd976ca68641a4cb5b4ed2845cd8dd3.jpg
эмаль ваниль/эмаль крем,Да,39200,16.10.2018 10:58:27,101309,
циркон/палисандр,Да,39300,16.10.2018 10:58:27,101310,
палисандр/циркон,Да,39400,16.10.2018 10:58:27,101311,
Гриджио,Да,39500,16.10.2018 10:58:27,101312,https://yurkas.by/upload/iblock/728/728eec68da588edd3ff9ff42d8976331.jpg
эмаль крем/эмаль серебро,Да,39600,16.10.2018 10:58:27,101313,
Палисандр,Да,39700,16.10.2018 10:58:27,101314,https://yurkas.by/upload/iblock/f35/f35a6ec770d694c69f749ab78aa3a9c3.jpg
Циркон,Да,39800,16.10.2018 10:58:27,101315,https://yurkas.by/upload/iblock/44f/44f5b274f711cef921f1df8e37d07985.jpg
дуб кофейный/мокко,Да,39000,16.10.2018 10:54:11,64286,
Дуб мореный,Да,39100,16.10.2018 10:54:11,64287,https://yurkas.by/upload/iblock/c8e/c8e8b3215df76517f8fb2851bbe29f47.jpg
дуб робустус (D4841),Да,23400,16.10.2018 10:53:51,61705,
дуб нобилис (D4842),Да,23500,16.10.2018 10:53:51,61706,
дуб таурус (D4843),Да,23600,16.10.2018 10:53:51,61707,
дуб дымчатый (IM1993),Да,23700,16.10.2018 10:53:51,61708,
дуб южный (IM1994),Да,23800,16.10.2018 10:53:51,61709,
дуб бордо (IM1995),Да,23900,16.10.2018 10:53:51,61710,
доска белого дуба лакированная (IM3105),Да,24000,16.10.2018 10:53:51,61711,
доска натурального дуба лакированная (IM3106),Да,24100,16.10.2018 10:53:51,61712,
дуб этнический коричневый (IM3557),Да,24200,16.10.2018 10:53:51,61713,
дуб этнический серый (IM3558),Да,24300,16.10.2018 10:53:51,61714,
дуб фантазийный белый (IM3559),Да,24400,16.10.2018 10:53:51,61715,
дуб фантазийный светло-серый (IM3560),Да,24500,16.10.2018 10:53:51,61716,
дуб либра (D4844),Да,24600,16.10.2018 10:53:51,61717,
дуб цетус (D4845),Да,24700,16.10.2018 10:53:51,61718,
дуб орион (D4846),Да,24800,16.10.2018 10:53:51,61719,
Дуб андрия (2057),Да,24900,16.10.2018 10:53:51,61720,
пино леванте (3168),Да,25000,16.10.2018 10:53:51,61721,
дуб трентино (3478),Да,25100,16.10.2018 10:53:51,61722,
дуб тоскана (4644),Да,25200,16.10.2018 10:53:51,61723,
дуб лигурия (8127),Да,25300,16.10.2018 10:53:51,61724,
дуб пьемонт (8149),Да,25400,16.10.2018 10:53:51,61725,
дуб центус (1556),Да,25500,16.10.2018 10:53:51,61726,
дуб регуляр (2800),Да,25600,16.10.2018 10:53:51,61727,
дуб инженариус (2801),Да,25700,16.10.2018 10:53:51,61728,
дуб шоко (2802),Да,25800,16.10.2018 10:53:51,61729,
дуб мемория (2994),Да,25900,16.10.2018 10:53:51,61730,
дуб перитус (2999),Да,26000,16.10.2018 10:53:51,61731,
доска венге (UF1000),Да,26100,16.10.2018 10:53:51,61732,
дуб почтенный натуральный промасленный (UF1157),Да,26200,16.10.2018 10:53:51,61733,
доска дубовая светлая потертая (UF1303),Да,26300,16.10.2018 10:53:51,61734,
доска дуба серого старинного (UF1388),Да,26400,16.10.2018 10:53:51,61735,
доска дуба светло-серого старинного (UF1406),Да,26500,16.10.2018 10:53:51,61736,
доска дуба белого светлая (UF1491),Да,26600,16.10.2018 10:53:51,61737,
201 дуб,Да,26700,16.10.2018 10:53:51,61738,
205 дуб капучино,Да,26800,16.10.2018 10:53:51,61739,
208 дуб мокко,Да,26900,16.10.2018 10:53:51,61740,
213 дуб северный,Да,27000,16.10.2018 10:53:51,61741,
доска дуба белого медиум (UF1492),Да,27100,16.10.2018 10:53:51,61742,
доска дуба белого затемненная (UF1496),Да,27200,16.10.2018 10:53:51,61743,
216 дуб сафари,Да,27300,16.10.2018 10:53:51,61744,
217 дуб темный,Да,27400,16.10.2018 10:53:51,61745,
доска дуба матовая промасленная (UF312),Да,27500,16.10.2018 10:53:51,61746,
253 ясень серый,Да,27600,16.10.2018 10:53:51,61747,
254 ясень светлый,Да,27700,16.10.2018 10:53:51,61748,
263 клён северный,Да,27800,16.10.2018 10:53:51,61749,
271 сосна,Да,27900,16.10.2018 10:53:51,61750,
272 сосна золотистая,Да,28000,16.10.2018 10:53:51,61751,
дуб старинный серый (UF3575),Да,28100,16.10.2018 10:53:51,61752,
дуб старинный натуральный (UF3577),Да,28200,16.10.2018 10:53:51,61753,
дуб природный коричневый (UF3579),Да,28300,16.10.2018 10:53:51,61754,
204 дуб имперский,Да,28400,16.10.2018 10:53:51,61755,
206 дуб коньячный,Да,28500,16.10.2018 10:53:51,61756,
209 дуб мореный,Да,28600,16.10.2018 10:53:51,61757,
210 дуб пепельный,Да,28700,16.10.2018 10:53:51,61758,
252 ясень белый,Да,28800,16.10.2018 10:53:51,61759,
262 клён вермонт,Да,28900,16.10.2018 10:53:51,61760,
292 орех миланский,Да,29000,16.10.2018 10:53:51,61761,
302 венге черный,Да,29100,16.10.2018 10:53:51,61762,
351 каштан,Да,29200,16.10.2018 10:53:51,61763,
503 ясень,Да,29300,16.10.2018 10:53:51,61764,
504 клен,Да,29400,16.10.2018 10:53:51,61765,
507 дуб светлый,Да,29500,16.10.2018 10:53:51,61766,
508 дуб темный,Да,29600,16.10.2018 10:53:51,61767,
518 дуб анданте,Да,29700,16.10.2018 10:53:51,61768,
521 дуб античный,Да,29800,16.10.2018 10:53:51,61769,
522 дуб золотой,Да,29900,16.10.2018 10:53:51,61770,
528 орех темный,Да,30000,16.10.2018 10:53:51,61771,
529 дуб кордоба,Да,30100,16.10.2018 10:53:51,61772,
530 дуб аризона,Да,30200,16.10.2018 10:53:51,61773,
531 дуссие,Да,30300,16.10.2018 10:53:51,61774,
532 венге,Да,30400,16.10.2018 10:53:51,61775,
533 дуб паленый,Да,30500,16.10.2018 10:53:51,61776,
535 мербау,Да,30600,16.10.2018 10:53:51,61777,
543 дуб магнатский,Да,30700,16.10.2018 10:53:51,61778,
545 дерево африканское,Да,30800,16.10.2018 10:53:51,61779,
546 орех греческий,Да,30900,16.10.2018 10:53:51,61780,
547 орех беленый,Да,31000,16.10.2018 10:53:51,61781,
550 ироко,Да,31100,16.10.2018 10:53:51,61782,
558 дуб мокка,Да,31200,16.10.2018 10:53:51,61783,
559 ольха медовая,Да,31300,16.10.2018 10:53:51,61784,
560 дуб классический,Да,31400,16.10.2018 10:53:51,61785,
562 дуб молочный,Да,31500,16.10.2018 10:53:51,61786,
564 дуб снежный,Да,31600,16.10.2018 10:53:51,61787,
574 дуб ливерпуль,Да,31700,16.10.2018 10:53:51,61788,
575 дуб черный,Да,31800,16.10.2018 10:53:51,61789,
576 дуб дискавери,Да,31900,16.10.2018 10:53:51,61790,
582 дуб цитрин,Да,32000,16.10.2018 10:53:51,61791,
583 вяз итальянский,Да,32100,16.10.2018 10:53:51,61792,
588 дуб грейсланд,Да,32200,16.10.2018 10:53:51,61793,
596 перуанский дуб,Да,32300,16.10.2018 10:53:51,61794,
597 дуб казань,Да,32400,16.10.2018 10:53:51,61795,
Гикори кофейный (RIC1427),Да,32500,16.10.2018 10:53:51,61796,
Дуб белый коричневый (RIC1429),Да,32600,16.10.2018 10:53:51,61797,
Дуб белый затемненный (RIC1430),Да,32700,16.10.2018 10:53:51,61798,
дуб белый светлый (RIC1497),Да,32800,16.10.2018 10:53:51,61799,
дуб белый рустикальный (RIC3452),Да,32900,16.10.2018 10:53:51,61800,
Дуб бежевый рустикальный (RIC3453),Да,33000,16.10.2018 10:53:51,61801,
дуб серый теплый рустикальный (RIC3454),Да,33100,16.10.2018 10:53:51,61802,
доска венге (U1000),Да,33200,16.10.2018 10:53:51,61803,
доска ореховая промасленная (U1043),Да,33300,16.10.2018 10:53:51,61804,
ясень белый (U1184),Да,33400,16.10.2018 10:53:51,61805,
сосна белая затертая (U1235),Да,33500,16.10.2018 10:53:51,61806,
Венге интенсивный (U1300),Да,33600,16.10.2018 10:53:51,61807,
доска дубовая светло-серая лакированная (U1304),Да,33700,16.10.2018 10:53:51,61808,
дуб светлый натуральный промасленный (U3457),Да,33800,16.10.2018 10:53:51,61809,
дуб теплый натуральный промасленный (U3458),Да,33900,16.10.2018 10:53:51,61810,
дуб теплый серый промасленный (U3459),Да,34000,16.10.2018 10:53:51,61811,
дуб темно-коричневый промасленный (U3460),Да,34100,16.10.2018 10:53:51,61812,
дуб шоколадный промасленный (U3461),Да,34200,16.10.2018 10:53:51,61813,
дуб старинный бежевый (U3576),Да,34300,16.10.2018 10:53:51,61814,
дуб природный натуральный (U3578),Да,34400,16.10.2018 10:53:51,61815,
дуб итальянский бежевый (U3832),Да,34500,16.10.2018 10:53:51,61816,
дуб изысканный темный (U3833),Да,34600,16.10.2018 10:53:51,61817,
доска белого дуба лакированная (U915),Да,34700,16.10.2018 10:53:51,61818,
доска мербау (U996),Да,34800,16.10.2018 10:53:51,61819,
пихта сибирская (D2967),Да,34900,16.10.2018 10:53:51,61820,
дуб гала белый (D4787),Да,35000,16.10.2018 10:53:51,61821,
дуб дворц.светлый (D4768),Да,35100,16.10.2018 10:53:51,61822,
дуб темный петерсон (D4766),Да,35200,16.10.2018 10:53:51,61823,
дуб престиж белый (D3239),Да,35300,16.10.2018 10:53:51,61824,
дуб натур. петерсон (D4764),Да,35400,16.10.2018 10:53:51,61825,
дуб деревенский (D4164),Да,35500,16.10.2018 10:53:51,61826,
дуб бергамо (D3673),Да,35600,16.10.2018 10:53:51,61827,
дуб монтмело тоффи (D3664),Да,35700,16.10.2018 10:53:51,61828,
дуб монтмело серый (D3662),Да,35800,16.10.2018 10:53:51,61829,
дуб монтмело крем (D3660),Да,35900,16.10.2018 10:53:51,61830,
дуб портовый серый (D3572),Да,36000,16.10.2018 10:53:51,61831,
дуб портовый (D3570),Да,36100,16.10.2018 10:53:51,61832,
дуб рифт (D3044),Да,36200,16.10.2018 10:53:51,61833,
древесная фантазия (D4779),Да,36300,16.10.2018 10:53:51,61834,
Дуб бежевый петерсон (D4763),Да,36400,16.10.2018 10:53:51,61835,
Дуб атлас антрацит (D3592),Да,36500,16.10.2018 10:53:51,61836,
Дуб атласный кофе (D3591),Да,36600,16.10.2018 10:53:51,61837,
дуб таймлесс (D3590),Да,36700,16.10.2018 10:53:51,61838,
дуб портовый темный (D3573),Да,36800,16.10.2018 10:53:51,61839,
дуб рип белый (D3181),Да,36900,16.10.2018 10:53:51,61840,
дуб рип натуральный (D3180),Да,37000,16.10.2018 10:53:51,61841,
дуб рип (D3075),Да,37100,16.10.2018 10:53:51,61842,
дуб фалсбург (D3073),Да,37200,16.10.2018 10:53:51,61843,
детская площадка (D3009),Да,37300,16.10.2018 10:53:51,61844,
дуб хелла (D4754),Да,37400,16.10.2018 10:53:51,61845,
дуб престиж светлый (D4169),Да,37500,16.10.2018 10:53:51,61846,
дуб престиж темный (D4168),Да,37600,16.10.2018 10:53:51,61847,
дуб престиж натуральный (D4166),Да,37700,16.10.2018 10:53:51,61848,
дуб неброский (D3668),Да,37800,16.10.2018 10:53:51,61849,
дуб монтмело серебряный (D3662),Да,37900,16.10.2018 10:53:51,61850,
дуб таймлесс бежевый (D3597),Да,38000,16.10.2018 10:53:51,61851,
Софт грей,Да,38100,16.10.2018 10:53:51,61852,https://yurkas.by/upload/iblock/c0e/c0e0ad6c72d04d6daace6cbee95c61c2.jpg
Черный,Да,38200,16.10.2018 10:53:51,61853,
Дуб кофейный,Да,38300,16.10.2018 10:53:51,61854,
Дуб рустик,Да,38400,16.10.2018 10:53:51,61855,https://yurkas.by/upload/iblock/9f1/9f1834a3e8bbc778653a338d122b5145.jpg
Дуб белый,Да,38500,16.10.2018 10:53:51,61856,
Дуб ваниль,Да,38600,16.10.2018 10:53:51,61857,
дуб белый патина золото,Да,38700,16.10.2018 10:53:51,61858,
дуб белый патина серебро,Да,38800,16.10.2018 10:53:51,61859,
Слоновая кость патина капучино,Да,38900,16.10.2018 10:53:51,61860,
орех пасифик (RIC1415),Да,22000,16.10.2018 10:53:50,61691,
дуб светло-серый серебристый (UC3462),Да,22100,16.10.2018 10:53:50,61692,
дуб натуральный золотистый (UC3465),Да,22200,16.10.2018 10:53:50,61693,
Дуб белый затемненный золотистый (UC3466),Да,22300,16.10.2018 10:53:50,61694,
дуб черный лакированный золотистый (UC3489),Да,22400,16.10.2018 10:53:50,61695,
дуб светлый (IM1847),Да,22500,16.10.2018 10:53:50,61696,
дуб коричневый (IM1849),Да,22600,16.10.2018 10:53:50,61697,
дуб деревенский (IM1851),Да,22700,16.10.2018 10:53:50,61698,
дуб песочный (IM1853),Да,22800,16.10.2018 10:53:50,61699,
Белоснежный (IM1859),Да,22900,16.10.2018 10:53:50,61700,
сосна (IM1860),Да,23000,16.10.2018 10:53:50,61701,
дуб реставрированный светло-серый (IM1861),Да,23100,16.10.2018 10:53:50,61702,
дуб черная ночь (IM1862),Да,23200,16.10.2018 10:53:50,61703,
дуб пепельный (IM1992),Да,23300,16.10.2018 10:53:50,61704,
дуб светло-серый золотистый (UC3463),Да,21800,16.10.2018 10:53:41,60669,
доска дубовая отбеленная (U1896),Да,21900,16.10.2018 10:53:41,60670,
Дуб сонома,Да,10800,16.10.2018 10:53:27,58656,
Галька люкс,Да,10900,16.10.2018 10:53:27,58657,https://yurkas.by/upload/iblock/8a0/8a0af57704291a0de7be42bf39d688fa.jpg
Pine manhattan grey,Да,11000,16.10.2018 10:53:27,58658,https://yurkas.by/upload/iblock/db3/db368a4448b7b8c5dbaebd52cc34a55d.jpg
Коричневый глянец,Да,11100,16.10.2018 10:53:27,58659,
Клён,Да,11200,16.10.2018 10:53:27,58660,
Слоновая кость патина золото,Да,11300,16.10.2018 10:53:27,58661,
Кедр,Да,11600,16.10.2018 10:53:27,58664,
Венге тобакко,Да,11700,16.10.2018 10:53:27,58665,
Коричневый,Да,11800,16.10.2018 10:53:27,58666,
Графит,Да,11900,16.10.2018 10:53:27,58667,
Белый шелк,Да,12000,16.10.2018 10:53:27,58668,
Дикий дуб,Да,12100,16.10.2018 10:53:27,58669,
дуб венге,Да,12200,16.10.2018 10:53:27,58670,
эмаль жемчужный перламутр,Да,12300,16.10.2018 10:53:27,58671,
Эмаль грей,Да,12400,16.10.2018 10:53:27,58672,
Дуб шоколад,Да,12500,16.10.2018 10:53:27,58673,https://yurkas.by/upload/iblock/661/661abbd00a00486255cd0707d1e2c098.jpg
Софт айс,Да,12600,16.10.2018 10:53:27,58674,https://yurkas.by/upload/iblock/864/8642906b11be715961f54e541ef9ac12.jpg
Софт графит,Да,12700,16.10.2018 10:53:27,58675,https://yurkas.by/upload/iblock/28f/28feaa85961789a76d1df4530b9c9c05.jpg
Софт мокко,Да,12800,16.10.2018 10:53:27,58676,https://yurkas.by/upload/iblock/687/68769db2185c9c1431b3fb31c5c7ca24.jpg
Софт панакота,Да,12900,16.10.2018 10:53:27,58677,https://yurkas.by/upload/iblock/fe9/fe97142d83dd7be99652595ea075f85e.jpg
Софт светлый,Да,13000,16.10.2018 10:53:27,58678,https://yurkas.by/upload/iblock/a03/a03f1bb7e5b050ae5955791a50af30c4.jpg
Софт фисташка,Да,13100,16.10.2018 10:53:27,58679,https://yurkas.by/upload/iblock/009/00902b9eb70b66522f362464e4fb69ce.jpg
Бронза,Да,13200,16.10.2018 10:53:27,58680,https://yurkas.by/upload/iblock/5fb/5fbec437790c17edf735e9e63901de1e.png
Античный орех,Да,10700,16.10.2018 10:53:18,57718,https://yurkas.by/upload/iblock/697/697c921f3a33b60133e096bf437119ad.jpg
дуб шервуд вералинга/дуб фремонт вералинга,Да,9500,16.10.2018 10:53:06,57055,
дуб графит вералинга/дуб бежевый вералинга,Да,9600,16.10.2018 10:53:06,57056,
дуб фремонт вералинга/дуб шервуд вералинга,Да,9700,16.10.2018 10:53:06,57057,
Дуб бежевый вералинга/дуб графит вералинга,Да,9800,16.10.2018 10:53:06,57058,
Дуб бежевый вералинга,Да,9100,16.10.2018 10:52:59,56560,https://yurkas.by/upload/iblock/ef6/ef64a6858bd3adb864e901bed6ab6082.jpg
Дуб графит вералинга,Да,9200,16.10.2018 10:52:59,56561,https://yurkas.by/upload/iblock/a38/a3819f4d67c443212dfb46ea40a27be6.jpg
Дуб фремонт вералинга,Да,9300,16.10.2018 10:52:59,56562,https://yurkas.by/upload/iblock/ac1/ac1297ab8f6c5d9b17cffb1ff1fe190a.jpg
Дуб шервуд вералинга,Да,9400,16.10.2018 10:52:59,56563,https://yurkas.by/upload/iblock/5a0/5a0ab9603567770e9407a492062c89be.jpg
Муссон,Да,9000,16.10.2018 10:52:21,51623,https://yurkas.by/upload/iblock/8b7/8b7457eff64f5a40d646fb2e43ccd72d.jpg
Белый и светлый,Да,500,16.10.2018 10:51:52,50385,https://yurkas.by/upload/iblock/ed2/ed290bcb753e913c51eca248a2c373dc.jpg
Красно-коричневый,Да,500,16.10.2018 10:51:52,50386,https://yurkas.by/upload/iblock/3e4/3e4b4c4e60d4c09a1f30695b65cd7bf6.jpg
Светло-коричневый,Да,500,16.10.2018 10:51:52,50387,https://yurkas.by/upload/iblock/e96/e9670e1dee893c07585d66d3c5fbc81c.jpg
Серый,Да,500,16.10.2018 10:51:52,50388,https://yurkas.by/upload/iblock/dc6/dc6dac983be3371c0ebfaea21d075806.jpg
Темный и черно-коричневый,Да,500,16.10.2018 10:51:52,50389,https://yurkas.by/upload/iblock/82e/82eab7c43187d7eec91faed0e69e5629.jpg
орех сиена золото,Да,8000,16.10.2018 10:51:52,50420,
Стоун,Да,8100,16.10.2018 10:51:52,50421,https://yurkas.by/upload/iblock/07c/07c33974359c4a72e46cf3d6b2ae2833.jpg
Монблан,Да,8200,16.10.2018 10:51:52,50422,https://yurkas.by/upload/iblock/ef1/ef14c562f6e0ea0d9f66fe231a9c4170.jpg
Даркбраун,Да,8300,16.10.2018 10:51:52,50423,https://yurkas.by/upload/iblock/f2d/f2df3397382c07cc044cbad78e8136b5.jpg
Грувд,Да,8400,16.10.2018 10:51:52,50424,https://yurkas.by/upload/iblock/0a5/0a51413286e6d00d6877801ebeddd6a6.jpg
Pine white glossy,Да,8500,16.10.2018 10:51:52,50425,https://yurkas.by/upload/iblock/593/593afb81b61b83dc41d1114a87422f88.jpg
Pine black glossy,Да,8600,16.10.2018 10:51:52,50426,https://yurkas.by/upload/iblock/f1a/f1ad479d2af3256ab8714451102ed2b5.jpg
Pine red glossy,Да,8700,16.10.2018 10:51:52,50427,https://yurkas.by/upload/iblock/c99/c9903e5f82edc92fb155d28eb41e6a41.jpg
pine manhattan,Да,8800,16.10.2018 10:51:52,50428,
pine grey,Да,8900,16.10.2018 10:51:52,50429,
Грей Патина Белая/Жемчужно перломутровый Патина Ор,Да,7200,16.10.2018 10:51:31,49503,
Белая эмаль Патина серебро/Белая эмаль Патина сере,Да,7300,16.10.2018 10:51:31,49504,
дуб тоскано,Да,7500,16.10.2018 10:51:31,49506,
Грей Патина Белая/Белая эмаль Патина Серебро,Да,7600,16.10.2018 10:51:31,49507,
Жемчуж.-перлам.ПатинаЗолото/Бел.эмаль ПатинаОрех,Да,7700,16.10.2018 10:51:31,49508,
Жемчуж.-перлам.ПатСерыйШёлк/Бел.эмальПатинаСеребро,Да,7800,16.10.2018 10:51:31,49509,
Жемч.-перлам.ПатинаСеребро/Белая эмальПатинаЗолото,Да,7900,16.10.2018 10:51:31,49510,
Манхэттен,Да,7100,16.10.2018 10:51:29,49301,https://yurkas.by/upload/iblock/bd0/bd0ad1d7c4f11d988db73a158ca234e0.jpg
Белый люкс,Да,100,16.10.2018 10:46:52,13174,https://yurkas.by/upload/iblock/8f2/8f26e9128b6e3bde041045262d556f1a.jpg
Венге кроскут,Да,200,16.10.2018 10:46:52,13175,https://yurkas.by/upload/iblock/bfe/bfeac6b9d7eb99391659ca1a3130609e.jpg
Грей кроскут,Да,300,16.10.2018 10:46:52,13176,https://yurkas.by/upload/iblock/765/765b21a10804de86af976b210870f884.jpg
Капучино кроскут,Да,500,16.10.2018 10:46:52,13178,https://yurkas.by/upload/iblock/b03/b0328986bbaf3f8decb474a02b28773c.jpg
Бук,Да,600,16.10.2018 10:46:52,13179,https://yurkas.by/upload/iblock/b84/b84785e3ae932e9b98b83cce22d0a91f.jpg
Темный орех,Да,700,16.10.2018 10:46:52,13180,https://yurkas.by/upload/iblock/fb8/fb865b05dc06291975fc29bbddfacc93.jpg
Эшвайт кроскут,Да,800,16.10.2018 10:46:52,13181,https://yurkas.by/upload/iblock/da9/da950206692ed144a4fe28dd51d4f3dd.jpg
Лиственница крем,Да,900,16.10.2018 10:46:52,13182,https://yurkas.by/upload/iblock/0da/0da215cdc9e9a002aaa3a4a3a985bbaa.jpg
Орех карамель,Да,1000,16.10.2018 10:46:52,13183,https://yurkas.by/upload/iblock/ea1/ea197bd47ad0d563b2eec3e962a9ffc2.jpg
Орех шоколад,Да,1100,16.10.2018 10:46:52,13184,https://yurkas.by/upload/iblock/625/62510533064957fdc3d7d8f681cde034.jpg
Французский дуб,Да,1200,16.10.2018 10:46:52,13185,https://yurkas.by/upload/iblock/c84/c84aafbead6e5fc262f70feca604586f.jpg
Магнолия люкс,Да,1400,16.10.2018 10:46:52,13187,https://yurkas.by/upload/iblock/40a/40a5994d9804ae818f70cfde7f58b40d.jpg
Белый люкс серебро,Да,1500,16.10.2018 10:46:52,13188,https://yurkas.by/upload/iblock/4d6/4d6a3ea051da67a34f92570a59dd39e6.jpg
Магнолия люкс серебро,Да,1600,16.10.2018 10:46:52,13189,https://yurkas.by/upload/iblock/8d0/8d04ab0a0ff0a1ab7828e316e2acab96.jpg
Терра,Да,1700,16.10.2018 10:46:52,13190,https://yurkas.by/upload/iblock/51c/51c7370df413c3d4e5de3f3c58859cb8.jpg
терра серебро,Да,1800,16.10.2018 10:46:52,13191,https://yurkas.by/upload/iblock/620/6201ad51c68a988f9e24fde242146055.jpg
Белый люкс золото,Да,1900,16.10.2018 10:46:52,13192,https://yurkas.by/upload/iblock/32b/32ba8085efe7eb07b9b52491ed3efe4a.jpg
Магнолия люкс золото,Да,2000,16.10.2018 10:46:52,13193,https://yurkas.by/upload/iblock/5fd/5fd3a49a4e15d546a5befe76ae70801a.jpg
терра золото,Да,2100,16.10.2018 10:46:52,13194,https://yurkas.by/upload/iblock/7aa/7aaa9bacd5514a0c239e146a47c40ec9.jpg
Дуб салинас темный,Да,2300,16.10.2018 10:46:52,13196,https://yurkas.by/upload/iblock/42f/42f7225c98689582a969fea6aaf267a0.jpg
Малага черри мелинга,Да,2400,16.10.2018 10:46:52,13197,https://yurkas.by/upload/iblock/c4c/c4c14df420a3d48b865433d156e48471.jpg
Белый глянец,Да,2600,16.10.2018 10:46:52,13199,https://yurkas.by/upload/iblock/8cd/8cd271feafb3688aa39eacf93f17fef4.jpg
Эмаль бронза,Да,2700,16.10.2018 10:46:52,13200,https://yurkas.by/upload/iblock/81f/81fd7c47d0596ef23da0a9504405f4b9.jpg
Белая волна,Да,2800,16.10.2018 10:46:52,13201,https://yurkas.by/upload/iblock/5bc/5bc144ca2751ccab3fcb7b5573c464a5.jpg
Венге браш,Да,2900,16.10.2018 10:46:52,13202,https://yurkas.by/upload/iblock/eb8/eb809b8ca6edc676698aa9d9821a87d2.jpg
Беленый дуб браш,Да,3000,16.10.2018 10:46:52,13203,https://yurkas.by/upload/iblock/e72/e72a4198190d8b24076b63252b904215.jpg
Черная волна,Да,3100,16.10.2018 10:46:52,13204,https://yurkas.by/upload/iblock/b56/b561aa6f2ef79d23594863573a9f361c.jpg
Лесной орех,Да,3200,16.10.2018 10:46:52,13205,
Шампань глянец,Да,3300,16.10.2018 10:46:52,13206,https://yurkas.by/upload/iblock/679/679bd8a9d9e225e36554bbcba6eba58e.jpg
Черный глянец,Да,3400,16.10.2018 10:46:52,13207,https://yurkas.by/upload/iblock/e3e/e3e4ef00bad108f9a205190cef3c23d7.jpg
Орех македонский карамель,Да,3500,16.10.2018 10:46:52,13208,
Лиственница горная кремовая,Да,3600,16.10.2018 10:46:52,13209,https://yurkas.by/upload/iblock/645/645112f8116a75efc97ad7ef9c7e6881.jpg
Орех македонский коричневый,Да,3700,16.10.2018 10:46:52,13210,
Вишня малага,Да,3900,16.10.2018 10:46:52,13212,https://yurkas.by/upload/iblock/a33/a333ad49590b26b152de77845cd5c536.jpg
Бел/неокраш.,Да,4000,16.10.2018 10:46:52,13213,https://yurkas.by/upload/iblock/398/398e12c860200039224723ef81d5b119.jpg
Грей браш,Да,4100,16.10.2018 10:46:52,13214,https://yurkas.by/upload/iblock/a1d/a1d4a3a684c710301ac7a984e74a7cca.jpg
Черный браш,Да,4200,16.10.2018 10:46:52,13215,https://yurkas.by/upload/iblock/a28/a28b31a580e7976178ba049ce2bfbfde.jpg
Капучино браш,Да,4300,16.10.2018 10:46:52,13216,https://yurkas.by/upload/iblock/2e6/2e6052682141e1a29acc851c79bfe0ce.jpg
Пепел черный,Да,4400,16.10.2018 10:46:52,13217,
Пепел,Да,4500,16.10.2018 10:46:52,13218,
эшвайт золото,Да,4600,16.10.2018 10:46:52,13219,https://yurkas.by/upload/iblock/d79/d797a742034d1398a970007d85b48d89.jpg
дуб сильвер,Да,4700,16.10.2018 10:46:52,13220,
Аляска/темно-коричневый,Да,4800,16.10.2018 10:46:52,13221,
магнолия сатинат/черный матовый,Да,4900,16.10.2018 10:46:52,13222,
Аляска/магнолия сатинат,Да,5000,16.10.2018 10:46:52,13223,
Алюминий,Да,5100,16.10.2018 10:46:52,13224,
Антрацит/черный матовый,Да,5200,16.10.2018 10:46:52,13225,
шапмань глянец/коричневый глянец,Да,5300,16.10.2018 10:46:52,13226,
коричневый глянец/шампань глянец,Да,5400,16.10.2018 10:46:52,13227,
Белый глянец/черный глянец,Да,5500,16.10.2018 10:46:52,13228,
черный глянец/белый глянец,Да,5600,16.10.2018 10:46:52,13229,
Белый ясень,Да,5700,16.10.2018 10:46:52,13230,
капучино кроскут/ грей кроскут,Да,5800,16.10.2018 10:46:52,13231,
оранжевый,Да,6000,16.10.2018 10:46:52,13233,
красный,Да,6100,16.10.2018 10:46:52,13234,
дуб неаполь,Да,6300,16.10.2018 10:46:52,13236,https://yurkas.by/upload/iblock/eed/eede8054bf2414650b00b9dc34cf54d7.jpg
филадельфия,Да,6400,16.10.2018 10:46:52,13237,
Бесцветное,Да,6500,16.10.2018 10:46:52,13238,https://yurkas.by/upload/iblock/c22/c22116ca58e8990408547db4a847530c.jpg
Орех пекан серебро,Да,6600,16.10.2018 10:46:52,13239,https://yurkas.by/upload/iblock/751/75108029297d9bbf3adf389679987300.jpg
Орех капучино,Да,6700,16.10.2018 10:46:52,13240,https://yurkas.by/upload/iblock/ac9/ac92d6ab4119de6baf69b0abf32a079b.jpg
Африканский орех,Да,6800,16.10.2018 10:46:52,13241,https://yurkas.by/upload/iblock/b9f/b9ff075acacd501ae80e9f1fc4b939c9.jpg
Дуб седой,Да,6900,16.10.2018 10:46:52,13242,https://yurkas.by/upload/iblock/4e7/4e7c94c096bff7e8d8e1240a6bfab8ee.jpg
тёмный кипарис,Да,7000,16.10.2018 10:46:52,13243,
Светлый лак,Да,9900,16.10.2018 10:46:52,13244,https://yurkas.by/upload/iblock/7f0/7f0e366f5b065aac87acdcd330d53682.jpg
Темный лак,Да,10000,16.10.2018 10:46:52,13245,https://yurkas.by/upload/iblock/147/1470ceca4e8a7d1d101e6a96de766c78.jpg
Венге,Да,10100,16.10.2018 10:46:52,13246,https://yurkas.by/upload/iblock/78a/78a039583d86af91a2bfa41d0b52534d.jpg
Махагон,Да,10200,16.10.2018 10:46:52,13247,https://yurkas.by/upload/iblock/3c8/3c884cb534b55f6a12523908c8c7c043.jpg
Белый лоск,Да,10300,16.10.2018 10:46:52,13248,https://yurkas.by/upload/iblock/059/059f09e9b28bc3e13ba79f548118bd58.jpg
Коньяк,Да,10400,16.10.2018 10:46:52,13249,https://yurkas.by/upload/iblock/ce7/ce72b08f880fd8cc9938b28788f84611.jpg
Неокрашенный,Да,10500,16.10.2018 10:46:52,13250,https://yurkas.by/upload/iblock/6b4/6b41cb54cb5ed44cb8fd7db81d4759c7.jpg
дуб натуральный (IM1848),Да,10600,16.10.2018 10:46:52,13251,https://yurkas.by/upload/iblock/e66/e66f6d9668fbf6f791fd6c918f4722bc.jpg
Аляска,Да,13300,16.10.2018 10:46:52,13252,https://yurkas.by/upload/iblock/e41/e41d5fe732df66cd3baef5b12664eb8a.jpg
Бренди,Да,13400,16.10.2018 10:46:52,13253,https://yurkas.by/upload/iblock/359/3595d08fb966757d9491af651740da2e.jpg
Антрацит,Да,13500,16.10.2018 10:46:52,13254,https://yurkas.by/upload/iblock/c16/c16e69d45f73eca444c0c08e3efb97ce.jpg
Магнолия сатинат,Да,13600,16.10.2018 10:46:52,13255,https://yurkas.by/upload/iblock/e83/e831ddbc36ec7392d6ff74edf80794a8.jpg
Черный матовый,Да,13700,16.10.2018 10:46:52,13256,https://yurkas.by/upload/iblock/64b/64bfec17fd9c6b24b22ea86338d7b969.jpg
Медовый орех,Да,13900,16.10.2018 10:46:52,13258,https://yurkas.by/upload/iblock/1fa/1fa13b4da5c665ab75b72fd19b280342.jpg
Орех,Да,14000,16.10.2018 10:46:52,13259,https://yurkas.by/upload/iblock/ade/ade779659b393e71c72655810c78959f.jpg
Мореный дуб,Да,14100,16.10.2018 10:46:52,13260,https://yurkas.by/upload/iblock/ccf/ccf1aa4a3bd3a11a44d770e47724bd6a.jpg
Дуб черный,Да,14200,16.10.2018 10:46:52,13261,https://yurkas.by/upload/iblock/f6e/f6ec6d670991c242e323869dbe6983fa.jpg
Беленый дуб/мореный дуб,Да,14300,16.10.2018 10:46:52,13262,https://yurkas.by/upload/iblock/ce5/ce51817eb269ef545ea8a662b3430a29.jpg
Беленый дуб,Да,14400,16.10.2018 10:46:52,13263,https://yurkas.by/upload/iblock/de8/de81962f0b951cc9e7e3417958613d36.jpg
Аляска золото,Да,14500,16.10.2018 10:46:52,13264,https://yurkas.by/upload/iblock/d1a/d1a5599683987e18370c65f2419e30b8.jpg
Аляска серебро,Да,14600,16.10.2018 10:46:52,13265,https://yurkas.by/upload/iblock/b87/b875418c27ed98f432572243c6f5da44.jpg
Магнолия сатинат серебро,Да,14700,16.10.2018 10:46:52,13266,https://yurkas.by/upload/iblock/f3d/f3dd3461e3f26fa8c671e2f33018bf57.jpg
Антрацит серебро,Да,14800,16.10.2018 10:46:52,13267,https://yurkas.by/upload/iblock/b44/b4400c02e9a6710c2dee62715037d35e.jpg
темно-коричневый золото,Да,9500,16.10.2018 10:46:52,13268,https://yurkas.by/upload/iblock/834/834e6931cdd59676414f83094bcc2f99.jpg
Орех амари,Да,15000,16.10.2018 10:46:52,13269,https://yurkas.by/upload/iblock/ce5/ce5850a4f765a897c06211144799311d.jpg
капучино сатинат золото,Да,9700,16.10.2018 10:46:52,13270,https://yurkas.by/upload/iblock/a0a/a0acc4d28d06713d367ad8bab640cdd5.jpg
Темно-коричневый,Да,15200,16.10.2018 10:46:52,13271,https://yurkas.by/upload/iblock/e13/e1368fd977381151767b1fd1a20cf060.jpg
Песок,Да,15300,16.10.2018 10:46:52,13272,https://yurkas.by/upload/iblock/e33/e33990c9ed355eec9cc28f0556f9aa09.jpg
капучино сатинат серебро,Да,10000,16.10.2018 10:46:52,13273,https://yurkas.by/upload/iblock/5f5/5f5b2200958a49473d7bb9bf891fcdd0.jpg
Магнолия сатинат золото,Да,15500,16.10.2018 10:46:52,13274,https://yurkas.by/upload/iblock/f35/f35b70af13f42527d8853313606b26ab.jpg
темно-коричневый серебро,Да,10200,16.10.2018 10:46:52,13275,https://yurkas.by/upload/iblock/dd2/dd27a697877247a0aeadce61ee1a3857.jpg
черный матовый серебро,Да,10300,16.10.2018 10:46:52,13276,https://yurkas.by/upload/iblock/930/930a7b63af2b705f9c699e14252a6200.jpg
Аляска золото/серебро,Да,15800,16.10.2018 10:46:52,13277,https://yurkas.by/upload/iblock/e7d/e7dc339683241e9b2d2a756ce5b8c255.jpg
Белый дуб,Да,15900,16.10.2018 10:46:52,13278,https://yurkas.by/upload/iblock/3dc/3dc9bb7f1b1cf07f24b6796ff4537d0e.jpg
Дуб ардеж,Да,16000,16.10.2018 10:46:52,13279,
Итальянский орех,Да,16100,16.10.2018 10:46:52,13280,https://yurkas.by/upload/iblock/232/232bbbe01a696ff76d16d41251d07dfc.jpg
Миланский орех,Да,16200,16.10.2018 10:46:52,13281,https://yurkas.by/upload/iblock/e12/e12419d579c06d2333b58477ef3db5f1.jpg
Орех пекан,Да,16400,16.10.2018 10:46:52,13283,https://yurkas.by/upload/iblock/c0c/c0ccf0845493c4a5007cceff1b5339c8.jpg
Орех сиена,Да,16500,16.10.2018 10:46:52,13284,https://yurkas.by/upload/iblock/3d5/3d56f0a21aa22d15704c1a74bda4d9c6.jpg
Эшвайт,Да,16600,16.10.2018 10:46:52,13285,https://yurkas.by/upload/iblock/20d/20dc002bbfd5c3e1178e7bb075c55506.jpg
Венге мелинга,Да,16700,16.10.2018 10:46:52,13286,https://yurkas.by/upload/iblock/ecf/ecfb87824d74fd86064ff918f1da0e42.jpg
Грей мелинга,Да,16800,16.10.2018 10:46:52,13287,https://yurkas.by/upload/iblock/e6d/e6d1bea755ca644da0acb0f1bad10589.jpg
Капучино мелинга,Да,16900,16.10.2018 10:46:52,13288,https://yurkas.by/upload/iblock/b5b/b5bcb0902381df695ce6c6139b647825.jpg
Эшвайт мелинга,Да,17000,16.10.2018 10:46:52,13289,https://yurkas.by/upload/iblock/e5e/e5e5e28aa760573a78f0265573512439.jpg
Дуб табак,Да,17100,16.10.2018 10:46:52,13290,https://yurkas.by/upload/iblock/721/721855f2e0f92e04b6af6207ca22a524.jpg
Дымчатый дуб,Да,17200,16.10.2018 10:46:52,13291,https://yurkas.by/upload/iblock/ae7/ae733bf2b37159a1ed972eb585574f72.jpg
Слоновая кость,Да,17300,16.10.2018 10:46:52,13292,https://yurkas.by/upload/iblock/4d7/4d7c3c71330102d98e14e83c102eede6.jpg
Темный дуб,Да,17400,16.10.2018 10:46:52,13293,https://yurkas.by/upload/iblock/d6e/d6e8d11f35b51d87bdc9467b6289e2bf.jpg
Малага черри кроскут,Да,17500,16.10.2018 10:46:52,13294,https://yurkas.by/upload/iblock/d7e/d7ed928364df0cb4a32e05c5e78ebb25.jpg
Пекан белый,Да,17600,16.10.2018 10:46:52,13295,https://yurkas.by/upload/iblock/e44/e4464f3ccc0d3ff95ac1e1181d6bed9b.jpg
Пекан темный,Да,17700,16.10.2018 10:46:52,13296,https://yurkas.by/upload/iblock/ee1/ee1fc2dcab5491da5e705299872ab658.jpg
Серый дуб,Да,17900,16.10.2018 10:46:52,13298,https://yurkas.by/upload/iblock/f79/f7998a5fd9194f4ded40e53ee45b2b8d.jpg
Черная эмаль,Да,18000,16.10.2018 10:46:52,13299,https://yurkas.by/upload/iblock/858/858b37d6eef9d96eb2ae12635a1d8191.jpg
дуб неокрашенный,Да,12700,16.10.2018 10:46:52,13300,https://yurkas.by/upload/iblock/13d/13d581b14d52641ac3a93ff5d4c6c9e1.jpg
Черный дуб,Да,18200,16.10.2018 10:46:52,13301,https://yurkas.by/upload/iblock/0cc/0cca537915010674a09b78b41e44942f.jpg
Эмаль серебро,Да,18300,16.10.2018 10:46:52,13302,https://yurkas.by/upload/iblock/953/95373fdc53cbab0e1972d0135a56ae40.jpg
Эмаль ваниль,Да,18400,16.10.2018 10:46:52,13303,https://yurkas.by/upload/iblock/c74/c74eff5dc1941e7c7daa3a026baa416c.jpg
Эмаль крем,Да,18500,16.10.2018 10:46:52,13304,https://yurkas.by/upload/iblock/27b/27bc11e98a285dc260f7dc90ea3424d1.jpg
Эмаль серая,Да,18600,16.10.2018 10:46:52,13305,https://yurkas.by/upload/iblock/a8d/a8d4627641e002d7a906bfa78e451c33.jpg
Каштан,Да,18700,16.10.2018 10:46:52,13306,https://yurkas.by/upload/iblock/bcb/bcbeff9c9d6568a37a19c2ca777c3aa1.jpg
Эмаль черная,Да,18800,16.10.2018 10:46:52,13307,https://yurkas.by/upload/iblock/90f/90f3864ab3344d4528dbc393c9d5e703.jpg
Дуб салинас светлый,Да,18900,16.10.2018 10:46:52,13308,https://yurkas.by/upload/iblock/040/04004de66372ad8d3fb0551aed81ffd1.jpg
Эмаль золото,Да,19000,16.10.2018 10:46:52,13309,https://yurkas.by/upload/iblock/0fa/0fa10f92b23fd6f44e3d4e0174ba15e0.jpg
орех патина,Да,13700,16.10.2018 10:46:52,13310,https://yurkas.by/upload/iblock/6bf/6bfc84a53db26b1b255450152caf8245.jpg
Белая эмаль патина серебро,Да,19200,16.10.2018 10:46:52,13311,https://yurkas.by/upload/iblock/9fb/9fb4a8a97947a2263e082a73a08ba34c.jpg
Белая эмаль патина золото,Да,19300,16.10.2018 10:46:52,13312,https://yurkas.by/upload/iblock/48a/48aaacdaa255fb5ea5216cab11f39224.jpg
Эмаль графит,Да,19400,16.10.2018 10:46:52,13313,https://yurkas.by/upload/iblock/420/420febea2fe547db7cee2a20e65e8749.jpg
эмаль крем патина золото,Да,14200,16.10.2018 10:46:52,13315,https://yurkas.by/upload/iblock/025/025040436df0424b073e7c2d1fd60c75.jpg
Хаки,Да,19700,16.10.2018 10:46:52,13316,
Корица,Да,19800,16.10.2018 10:46:52,13317,https://yurkas.by/upload/iblock/c6e/c6efdfb0dedd06ee8020c5d14ec8e08a.jpg
Натвуд натинга,Да,19900,16.10.2018 10:46:52,13318,https://yurkas.by/upload/iblock/115/115e1fd5108705faccd69c001b85d140.jpg
Орех лесной,Да,20000,16.10.2018 10:46:52,13319,
Белая эмаль патина бронза,Да,20100,16.10.2018 10:46:52,13320,https://yurkas.by/upload/iblock/ae6/ae66440adc666ae64101c56cfa2fa7bb.jpg
Бел.дуб сатин,Да,20200,16.10.2018 10:46:52,13321,https://yurkas.by/upload/iblock/efe/efe3fb57ecf60f774124cbbdc5d57754.jpg
Черный шелк,Да,20300,16.10.2018 10:46:52,13322,https://yurkas.by/upload/iblock/737/7374d10a250d256f0f6e891af354aed3.jpg
Белоснежный,Да,20400,16.10.2018 10:46:52,13323,https://yurkas.by/upload/iblock/bed/bed4e29f15782b045c63c7b0c24a32a4.jpg
Беленый дуб мелинга,Да,20500,16.10.2018 10:46:52,13324,https://yurkas.by/upload/iblock/d8f/d8f545f41da97b01cdbf27cfc6170b9f.jpg
Грей,Да,20600,16.10.2018 10:46:52,13325,
Белый мелинга,Да,20700,16.10.2018 10:46:52,13326,
Белый матовый,Да,20800,16.10.2018 10:46:52,13327,
Орех американский,Да,20900,16.10.2018 10:46:52,13328,https://yurkas.by/upload/iblock/e19/e19f915f55614ce12625d1370c1abdc7.jpg
Белая патина,Да,21000,16.10.2018 10:46:52,13329,
Черное дерево,Да,21100,16.10.2018 10:46:52,13330,https://yurkas.by/upload/iblock/7d3/7d392a0ba43611994772e9340e8fa19a.jpg
Американский орех,Да,21200,16.10.2018 10:46:52,13331,https://yurkas.by/upload/iblock/9f3/9f372546dbb0a98ac1cd5ddadaab930d.jpg
Амари,Да,21300,16.10.2018 10:46:52,13332,https://yurkas.by/upload/iblock/301/301dc816bce4f040164360191015c577.jpg
Белый,Да,21400,16.10.2018 10:46:52,13333,https://yurkas.by/upload/iblock/757/757e61286486d49aa2c2bfc86b3e8b01.jpg
Груша,Да,21500,16.10.2018 10:46:52,13334,
Светлый дуб,Да,21600,16.10.2018 10:46:52,13335,https://yurkas.by/upload/iblock/c52/c52ae21eab8c80a97eacf6424e85d6bc.jpg
Дуб,Да,21700,16.10.2018 10:46:52,13336,https://yurkas.by/upload/iblock/8ce/8ce72f6f3fa67b8160cbb9ae18e85211.jpg